<?xml version="1.0" encoding="iso-8859-1"?>
<!--
Title:       Mobile Coursework
Student:     Ryan Ballantine
Student ID:  S1829049
-->
<item xmlns:georss="">
      <title>M74 J7 (Larkhall) - B7019 - Accident</title>
      <description>Lane 2 of the M74 Southbound between Junction 7 and Junction 8 is currently blocked due to a road traffic incident.  Motorists are advised to use caution on approach and allow extra time for their journey.</description>
      <link>http://tscot.org/01c272724</link>
      <georss:point>55.7456666961935 -3.96320280983579</georss:point>
      <author />
      <comments />
      <pubDate>Fri, 20 Mar 2020 08:20:20 GMT</pubDate>
    </item>